<?xml version="1.0" encoding="UTF-8"?>
<project-private xmlns="http://www.netbeans.org/ns/project-private/1">
    <editor-bookmarks xmlns="http://www.netbeans.org/ns/editor-bookmarks/2" lastBookmarkId="0"/>
    <open-files xmlns="http://www.netbeans.org/ns/projectui-open-files/2">
        <group>
            <file>file:/home/cmlee/NetBeansProjects/nocturne/src/at/nocturne/core/NocturneActionMap.java</file>
            <file>file:/home/cmlee/NetBeansProjects/nocturne/src/at/nocturne/core/NocturneInitializer.java</file>
            <file>file:/home/cmlee/NetBeansProjects/nocturne/src/at/nocturne/core/NocturneApplicationController.java</file>
            <file>file:/home/cmlee/NetBeansProjects/nocturne/src/META-INF/resources/nocturne.jsp</file>
        </group>
    </open-files>
</project-private>
